original_RDA_identifier,rda_entity,equivalent_BF_identifier,bf_entity
003c0e59-9ab1-4fc2-8522-1a7b78601fef,work,35c3b8d3-43a5-47c5-bb28-d854d860c2d7,work
018e4c97-fb45-4333-9e8e-6cc0584e49ac,work,37847e11-d379-4bfe-8d6c-5daa797b95d8,work
032cba08-e735-425c-bc88-9433d2616226,work,675b15df-464e-4eb8-b870-ce8d9d2ac5af,work
0894a8b3-b110-4705-9cb4-9ae1009ab0a3,work,41446cd9-a572-4567-8de6-6ee787c38859,work
0a4ea663-988e-474b-a25e-659b935b65a9,work,5d589839-60df-4bad-b549-aa9fd6c288ef,work
0b6addf4-d44d-4502-a637-a50e70420b80,work,aab9f851-c2b1-4a9a-8925-2376f60d245b,work
0c687772-a7be-40e6-82c0-f00c4c59a319,work,2f1bbee1-f6a2-4869-a96e-bfa626e64c50,work
0eca0437-74d5-43ee-a46e-f935800fd4a2,work,2eb9175c-85f2-47a3-820c-a6c908374c05,work
1079c5c0-7ecd-4fb0-a090-f5a4bcabdf94,work,464c1bfa-605d-4543-a79c-939776590a04,work
1204a5b5-49c0-40b0-b7ce-cdee99e8e54b,work,05cceec6-7e04-4167-a273-25475ba92ed9,work
1383668f-9764-4092-a900-6d24dc7b6954,work,0ed12cc4-52f9-4684-b920-9e278e3a104b,work
15381424-2eda-4d58-ad47-b1029e784398,work,50088531-4f25-4bbd-9a71-7d9c08ec1c0a,work
16a61969-3b31-4e09-bba0-0319a13895d1,work,e36ef426-6ae7-4fb5-9079-d5aa9fa322b2,work
16ac9fa7-4e65-44ca-99f0-c19931503e64,work,bdc1efc8-d98a-4cd8-9277-63e9e732a380,work
18435621-8e0f-4e45-b7df-890f0114d5ce,work,1511a54f-2b97-44c5-94d7-3c4585c1359f,work
199fd36d-eb47-4a1a-849b-2de1549e24ea,work,b1c5b87c-b715-4a79-9fc6-9af12d2d8f5a,work
1a09069d-8165-42ae-bfc0-f6b269b4d34b,work,3ae723b2-2660-4e14-a4aa-a423025954de,work
1f90db66-a3f9-49bf-aaa0-ec3675df4027,work,172c240d-8df6-42c2-bdde-d48e91528ddd,work
1fcacdb5-8245-4f0e-9900-0b080d38d8a2,work,a37c6802-2ab2-46a9-938b-271477b5b1b0,work
1ff786f6-7674-49f7-a4e3-23a15c18f398,work,f2a411f1-caba-4f8f-9306-0735e0136708,work
20492d30-7f5a-48fc-9857-ca975c586494,work,0d79dd67-c6dc-4f85-9675-f4d61fbd57be,work
204dc35b-d74a-45f6-ba66-ff5cbe3a75b3,work,d4b5b82c-2477-4fa6-8afb-f6d844b45d52,work
20578541-d001-4b6a-818c-413ee8d77b4a,work,26bd50fd-8f91-460a-8b02-29e615107705,work
224f348e-85a0-4832-9d42-f779a37457da,work,30cc1a2a-c71c-41bd-8d9c-a03881fb5c28,work
2370edaa-0c6e-4d0c-baef-994235d4f86c,work,2f1c1286-62f4-4cb4-9de7-6cd1dc99ea01,work
2442f2d5-0841-4384-b08e-bd25c3a3d4e9,work,10d56013-431e-4c52-8d1a-36da823de3c7,work
24cd1b8d-48fe-43dc-95d9-d64df2032f24,work,d7017980-3e1f-47ab-abe2-484f8cd3419c,work
251393a8-33fb-44fd-827e-a75328c3fbaa,work,9afdb89e-a823-4b5f-b35c-933f9d735389,work
25406ec2-3893-45e6-b857-064fc606657d,work,126f6c11-8f47-4e9f-979b-7688fee849db,work
25a341e3-305a-49a9-8322-5a45a6227535,work,0b701713-ac19-4946-9235-f0a5518d8fed,work
270833dc-b0e1-4402-a5fa-df97166839d0,work,c2f3a314-1968-4182-805f-af35cec3203d,work
29aae6bc-a3e0-4dcd-8ef7-5340615690a2,work,b332cdb7-5c88-4acb-b174-e5f373181996,work
2b0e847a-5fad-4150-9612-aec9f9474096,work,81c090be-3200-4d2c-bf84-bb2c94d2929d,work
2be1aad1-4cae-4a38-82aa-896480e41a79,work,da4ad48f-f1b4-4b39-a662-25e7787c0ce2,work
2f6fce73-629b-4987-9af6-b496e4c8091c,work,c4ed2607-9022-4b85-a30b-aca78b962a6c,work
3c583cca-5a19-4774-bc93-bdcb63a34e09,work,f10b793f-84da-4980-bbe3-4fceca8ea133,work
3caa00f9-8660-4a48-bf78-373a235eeecb,work,10fb7edc-de13-4eb3-bfa5-e343674f00d6,work
3dafb07b-ff14-4a67-b53e-822d97ad644a,work,620c4844-f727-43e9-88b4-c94e9cc87a7b,work
3eb2f65f-7238-4b34-95ff-3fa36b67c667,work,91f78a14-8364-4eae-a0ec-80665e08b9c3,work
3f51c956-0a93-4dc6-b16c-cecee7693db3,work,6e895038-c433-4111-babe-d36c6c1d4246,work
3fc91d7c-c5b9-413d-a0c0-4734672b5602,work,022d9b95-8efb-4738-8d29-83b2a478bac9,work
40a13f9e-9a28-4d20-91db-d6dab4284bf6,work,7cc5ccb9-77dc-4c45-8f0c-d4626d2d23d5,work
420d9d87-de67-45fd-8367-e1c451ef725a,work,6b8ee785-a603-4b4d-a176-261c6d7c59be,work
4488232a-2514-409b-9a5e-95f423f1a1ae,work,6e801f8f-309e-448c-8a79-3f8e647573ea,work
47396f92-ff77-4480-a26d-8e7c73b83043,work,af32cdf0-c91e-4fe0-aefb-b114c6bfc645,work
49412d8a-a5b9-4f20-b797-f78a927cacce,work,09727c05-aab1-4042-82c9-4b57e3afbe0e,work
4a80857f-53bd-4aff-8ea3-29b5e936e4d4,work,25998c4c-c22d-4399-9ba1-bab50ceaf853,work
5112fda2-2a63-4d0a-8b02-1e7da4ebd85b,work,1eac7009-cb62-441a-9d12-98e7b6050157,work
53ac989d-d13d-402a-9f6c-03d165f91319,work,dac809df-a3d2-4e02-bd5a-397d363908bb,work
54c03745-0b0a-4211-8e50-c1a765be0309,work,52e667dd-f159-494d-884d-24eb3756f517,work
54c76af5-659d-49c4-9486-18e693ccdb5a,work,fe7a9aea-8cd4-4e15-85ea-17bcf4806403,work
563cdff1-ce5d-417e-a282-a98d710c1b14,work,6cf3483b-d16c-41d1-bbb3-7e3696693b78,work
59020c14-ea04-4403-8d6b-2e3a8f48b3c7,work,cb730bde-269f-45ff-a2c6-e22be0c1554e,work
59122c7c-302b-4a95-9201-717356a1350b,work,9cfb7647-973e-405a-91c0-fd442cbe2b2a,work
5a35c300-05ca-407c-b72e-d482b9496493,work,813e6878-5225-4957-aeee-b90364c9c631,work
5abb3bdf-0109-4b77-b984-f73900ae981e,work,9dad3ebe-e2a5-4262-91f2-2319dec6720b,work
5ad4add2-2dc2-456a-ab7b-fa7678abba86,work,7bc87dce-c6c4-4879-8b18-4ba556ce12e9,work
5b20e066-5723-4067-a8e5-799342f90192,work,9dba2e8f-f0a5-46ed-a115-5e2e58867a2b,work
5c8ce526-e275-4f74-93ef-0ffc56389cc5,work,20bc3e7e-8d2e-44a9-87e2-14c73c7ef864,work
5f1dc2d1-1b6c-4c5c-a993-910c65003954,work,2c38d30b-863f-4cf0-9bdf-2d3fe8e9cd0c,work
60b13770-473e-4dc9-bedf-de4e6c5130f5,work,0e6d1b8c-13ea-4d63-a300-26859694fa00,work
61231191-9b85-4ba4-aa90-42a64e6bac9c,work,6685423a-d537-4d03-b47f-77ce88a4a5bd,work
64af3c0e-5fdd-4727-b207-2b7beeaeabf4,work,8f135dbc-d5dc-4394-8092-45c691eecd9a,work
66de3ff5-2b1c-41b6-a25b-8a30b6a2b69f,work,8812decb-d977-4c81-9c65-e4ea24469031,work
6997f169-0deb-4355-b64e-5485fe4a48b8,work,a1185be9-63ae-4dfa-a3ca-4557f1620a2f,work
6a36c334-c396-4dbb-b7da-9edf8de7a2ce,work,36d7d2dc-8977-4635-b616-142aed1d7699,work
6b974e4c-0d1d-4a7a-b750-a5d4cb54ffd9,work,1d3fd762-cdce-4ed8-afb1-d9b8576c4a83,work
71b26abb-43ba-412e-a965-67e06fefedc2,work,86bfeda9-68c3-41ad-847f-a726e98206de,work
7580672d-ace4-4a41-b89a-8a0b8631e586,work,83410479-4a41-4066-a0f4-106f3f697e69,work
7931f622-717d-43ae-8121-ccffd0e47149,work,1bec67dc-503b-493f-85ab-7833f72f2256,work
7a9c8d69-4c3c-468c-aab9-0bee9026d145,work,bda6c263-485f-4647-a427-2075339c8fdf,work
7cffe198-f453-409b-b985-9d5660c7272c,work,ab0b83b7-d8d7-4eba-a68f-87c0767cda2c,work
7e1f6ae6-a6b0-493c-aeb1-a1fab52be1e9,work,9471633d-a95b-4ac6-8396-8c68526efe9f,work
7e72cdce-2517-4bd5-be85-5836273f0e31,work,2aeae01b-5b39-4bb0-a189-d8a51161cf01,work
7f1ae484-c6e1-424e-9e18-a91e1c345161,work,143004ef-9dca-4813-8fbc-6e6d4d7859a2,work
82f4a21f-79c9-4370-b40e-16dd363466bf,work,857e2bfc-ee88-414a-b8a2-c0695726eedc,work
86f61d7c-2742-4716-bb0f-9f2b82111548,work,a96fb2a6-c4bb-4e8f-ad04-24070de3b3d9,work
877155d9-bc9f-437f-991a-8a232932f580,work,d1445950-d4a0-4ca5-9682-3a3ed885cfcf,work
88ae0700-dd55-4089-add1-314469a85c12,work,eee1f86a-1a2f-4216-a8fe-7937846d7111,work
897e29fe-4ad6-4692-a890-f6657971ce22,work,73d6f32c-fc8a-4d10-a67a-73095fc5a464,work
8a0d5042-8b2d-4287-b228-612e456f0fe5,work,af78b0d6-5a9d-495c-aaf7-e9adf854ec33,work
8ab49fc5-0df2-4ee3-8c63-69cf51cf65b8,work,ea8660e2-cbe7-4617-bdbe-7fc125bc6636,work
8b96753d-1f7e-498f-b102-76faa7fc1061,work,8e1fbaa6-34fe-4920-b73f-0c111edb059e,work
8ddbe5d0-a962-4c51-a249-9cf55a6c2a00,work,64b4d3cb-c99c-47ac-afb0-c6eaa2c47b0e,work
921f8702-2492-4296-ba11-c3315f76687d,work,cc80352e-97fe-43ff-8420-da63a502bd0d,work
94c8153f-01b0-42ad-b356-70f3bd64e6dc,work,29f568a2-74f0-485a-acaa-f63b49514079,work
970bb97e-7efe-4ac7-97cf-d00b868ca0d6,work,7117e690-f6a8-46d0-8817-f17ca5eaef92,work
994efbab-6adb-4953-95e8-9a323436829f,work,8aa88043-471a-43a6-9566-893aea0a65b2,work
9cd24070-1dea-44f7-a7fe-e5a917db49d9,work,f46aa687-48f4-4d58-95f8-3f3ba74c9915,work
a03b533e-b56f-410a-aa93-ab002bfcea6d,work,fc9a091a-b0ad-4624-8d16-44737e48aa6c,work
a1bf1c9f-f0ba-4af8-a05d-44ccb04a8bb0,work,40147911-a4ab-484a-947d-ae3e7a5e8c58,work
a2979f34-29cc-44a4-a1c6-36a4ab6b3651,work,cefd594a-af01-443c-81d3-35bcbdbc1a63,work
a3186ad1-a262-4206-a35d-9598b7f11d27,work,aabe2bb9-9ad3-4e06-a060-c695e35a8dce,work
a36e9ced-6550-4bcc-b37d-aa7e8a0e123e,work,47b37cf1-e87e-4d52-a495-b3ec320da02a,work
a76ab4e2-10f9-4310-9b08-fdd89441355e,work,e36f1f7e-2590-4a04-8c83-96ad0e76abad,work
a806ceaa-4ec4-46c2-99c8-3f11c8cfa3dd,work,5238bba4-23ac-40f5-93de-43cbb5c9516a,work
a81c1113-d17b-46a0-85cc-7704dd582aa1,work,83d74edf-d2cb-4965-8871-5bf711933318,work
a8592848-3759-4c1e-b37e-e56409254a3d,work,2ec3d9e2-6074-4258-b8fa-aec0ebed3b47,work
aa5ff87e-c73a-438e-9f24-de999ba306d0,work,a37185c8-b4a3-49f7-ba69-6fdcdddce116,work
aa768b65-ed37-46f6-bc5d-7608c71abe66,work,615e7e8f-e4b5-47da-8ed9-e464fd215960,work
ad5a3368-f3e1-4872-8bb0-460ba65d30d2,work,26ec8745-ca05-4430-97dd-7b94930ec09a,work
ada53d46-b884-45c9-b953-c17fa183ab4b,work,a07eb65f-ca50-45ba-90d0-b4d045541061,work
adb96585-afda-4635-9862-398cca1d633a,work,58670032-f621-4c77-b5c6-202e1073062d,work
ae624b51-efc9-4011-9947-82f25fb9769a,work,616a7d14-da5d-4dda-9c64-b4a6140a7afa,work
b0127a34-291c-49de-b017-0d69c66716b2,work,37ead39d-a5d6-4ad7-b18f-ca1b882acd7d,work
b53e89ed-452c-463b-8331-fbbc0e360ed8,work,bfff3899-8d9a-4bc7-8dbd-59a3c7330b88,work
b725a4e4-1384-4158-aa80-01e0eba35c44,work,7b7f55da-a2b8-4d15-a7b6-adf704116206,work
b7d6a2f8-e217-4b85-a12f-ecbe75b409dd,work,945f53ab-9866-43be-b0ad-3a32cc13b142,work
b7ef5c30-4e4c-459c-8361-2c371359894f,work,656bf3b1-ca47-4081-8586-63a5d18ad84b,work
b868229b-4177-461a-b731-f36b95a73142,work,939e25e4-8605-4416-b112-dc4fb380c463,work
b8a70189-1a6b-4efd-99f1-0674a65052ee,work,22f6f0c3-1dba-4954-b27e-4dcfcd514279,work
ba22d3e6-96c1-4538-ad95-ed3f3e3d8fdc,work,a55a4737-683b-4ab3-8d74-86f48ce160d9,work
bd6c8ad6-677e-4557-8877-cb387e7cbf8a,work,8f95b0dc-15bc-4389-8f6e-333d89ed4053,work
bd9d343d-229d-49b9-9eb1-34367dcbfada,work,f093c4fe-5dd2-4973-b75e-ea2069549845,work
beda6563-6c55-4732-b383-713deafcfc73,work,b75d68ee-a7d4-453e-9c19-cc48052313ae,work
c2ca5abb-e85c-44ba-8403-0a53246fe27b,work,29ae2b42-24e9-44aa-a2eb-3e0616588b16,work
c37c7bef-54c3-445e-89b3-3fef71f350eb,work,3015a06f-c4f5-44e1-bd9e-c9771a3b97a9,work
c5ed4800-ab25-4fe6-804a-7bc84f67e719,work,2c38d53e-b8bb-4d58-a67f-caf76362cb6a,work
c6edd386-5262-4bac-b6db-e1641879ed06,work,1ae71691-c195-4621-ba70-1dab686b7eae,work
c83130f0-b914-4db0-979c-67db73330f0c,work,0281b241-a1e1-43fa-bac3-b8d17dd2268e,work
d02e409c-bd11-4769-a3b8-b4f2242d4f82,work,2b5a51ff-d051-4e58-85ab-7bb813ceac86,work
d0d9f78e-05f1-4594-bdcb-b396ce68f618,work,806167dc-f3ae-4b5d-9069-be04e9802a7b,work
d72465eb-d1dc-4ee4-a30d-062c033bfbe3,work,b323d68d-9a80-41cf-84c2-5ac3d204b18b,work
da71d823-03f2-4122-8d5d-3e38df134370,work,0e9e10a7-358c-4576-a0c6-cd5c733ca8e4,work
daf92166-946e-406c-87c9-8466add886b9,work,8c7facc3-6aa0-4732-826f-9a74daa03296,work
dc28450a-35ec-4474-9793-689a582100a0,work,c2cccf2c-5e60-4cd9-a7be-40ceae907ce7,work
dd6d4c68-3985-41a1-a866-022326d8d063,work,6f88532c-adfe-4dda-acff-b50985658ac4,work
ded38c40-6e3e-4069-9849-2c29e769e8cf,work,10d19d21-260c-43df-8ce4-b87564e49c36,work
dfd296d8-6760-4d16-809c-cc40b425d06b,work,70307b21-da4a-409e-8e83-4d6b46791124,work
dff80804-5b2a-4d65-bbc9-7ebb0c01fd13,work,ed605295-8585-43d1-a9d1-7a784053a8bb,work
e01ddea9-54f1-4835-a049-f70e64c888fc,work,33df6656-1026-460c-aa50-95a2799021bf,work
e357057e-1dea-4835-a404-518c1d4b7305,work,f8b6b827-3dfe-4ea5-b8b2-3924fdb9a4a0,work
e4ae0441-d2af-43e0-92c1-8a986d646162,work,0e4a33d9-8010-4c49-8b5d-8771c1606c49,work
e5791eca-d02a-4237-911b-ad8e837f55be,work,430f4fa9-59c0-4a56-8c7e-9b7a4fb05cb7,work
e66461ad-b82a-4d13-adca-4ee58e3cd231,work,30950bbf-ce30-4803-8184-cb2233011cd5,work
eb572713-b9fc-4090-bf89-c8493678f694,work,af0f3691-1cfb-479a-bdf6-17b9a227dc60,work
ebd029ad-b852-4fa2-bba6-abcffeff8e4c,work,09496342-baa5-4b4d-955c-9c547f1a1a26,work
f015312e-8959-4f63-abc9-6f207aede0f1,work,f4e0e114-aa18-48b8-9fbd-ff825df6c3d2,work
f04b52bf-fb1d-4189-a75f-7f5ed86bf543,work,539384a1-16eb-4ee3-aaf2-46a54473624d,work
f0658123-0bae-4399-8fd7-c2404bcdc005,work,d533b53d-8cd8-4790-a438-d1186df7c3a5,work
f3b38747-4060-445b-9b2c-52408cc16124,work,54ce8498-0569-4135-94c2-0d5f38838d59,work
f71fc6f3-f28c-4d10-a7b1-74379732d815,work,26f16bec-bf47-44eb-971e-22ec17383a48,work
f74fb1b0-b7f7-448f-ba77-61dd753f43b7,work,be351e38-69f8-49ec-b949-75e51ecaebd7,work
f95dad1f-f7f3-430e-b817-8fa9f9db8faa,work,b2c4a4a2-8fdb-40f9-9038-18bdac7e2c05,work
face7c36-b484-4966-93ef-b7e99a783e28,work,6879f8bc-dea1-4596-88b8-50c0d8466f5a,work
fb913d0c-e046-454d-ba60-8e4e1bd5fe90,work,ee64ecef-7937-487d-9649-6ed54f18e7ca,work
fbd8619d-f725-4991-8c72-8e47101489d8,work,8c00cb3a-ac7e-48a6-8f85-235c08cb8d10,work
fe9935a9-172e-4f4d-bafa-c7cc79894c71,work,c1fe73fa-f121-4ab5-9183-2791b558e8a0,work
02c8be46-235a-4bbc-b18d-85065829236d,expression,eeb8d959-d779-4562-b542-b859efb540ec,work
02fc5cda-9c05-4cf1-b634-382f76522b57,expression,b35d3784-2818-4108-a83e-54b4ca49b551,work
0409bd3c-3127-479c-b698-43d31c06546c,expression,0b0f573f-902d-447d-b49e-d02423bd9f95,work
055719b8-ddee-48b8-aad0-3553d0752168,expression,30f335d0-a735-4ed2-a465-f6eb8751cfb7,work
0a8385c4-35ad-4640-a702-0e285625eefb,expression,94f0fdc8-96db-44d7-b482-972fe2d35139,work
0a873285-d181-4eb9-b2f0-17fadb2e583a,expression,63586a24-07bf-4e95-add9-65b658174b14,work
0e468b37-033d-4ebe-85cf-5cdad4da9abd,expression,4cd9a532-49de-46ac-96a8-b1e292b4f094,work
0fdb4413-f1ca-4f14-b60b-06156c4e0c8d,expression,cf2f680f-c597-4e75-90df-7a68a57f9925,work
121557a5-5cf7-40a0-9b02-8779f201df38,expression,d43a7557-4385-4d38-a874-87f801258dbe,work
1225f60f-601a-4828-b0a2-5d406e9343c2,expression,601b5a28-1aff-4ee1-98b4-99e6e8fc308d,work
17d1cc4b-9d87-4ee0-9568-36a23dee7385,expression,7f46776d-d7dc-417e-9624-9be69d8ecce7,work
17d556c7-3b45-4903-ac30-d74ddc57718a,expression,a18e24c2-494b-423b-9bf7-3be03eef5924,work
19e8abd4-f1e4-47b6-afa0-7da404615a17,expression,19ede906-f6b9-4965-aa44-3aaa6227b369,work
1b238b17-3bd6-4820-825e-a5fcf0802470,expression,b129dda7-feb6-4c34-a107-9ed7bb232791,work
1b711e5c-66ac-4298-ae7e-0f8ac6016dec,expression,06b644a0-3cda-49ed-a1c6-4f8b8de1c7af,work
1cdb84c1-a494-42c7-8fc6-abf6aa8b9769,expression,c4d57b1f-7886-4f54-bf47-65eb41e030e1,work
203252f2-2591-43d7-91f4-f6f60535576c,expression,c658ebc2-b6b8-45fc-aa79-f46c4cfece00,work
20b48468-c869-4c37-b4f6-dbd46e6d8450,expression,c42ffebb-d4da-4241-9c57-dd15e7c725e4,work
22909bd1-6249-400e-9b5a-3a46895698a2,expression,1ea85a4b-195d-4844-802c-bf115d081beb,work
22ea168e-2587-4838-838c-bc2f8ce53103,expression,123219aa-5e2c-469d-8be3-c487149065b9,work
23b57fbe-1da9-4703-b6f7-fb30bb8af376,expression,73fd290c-1a70-4d6e-ba41-06b7eedec478,work
2591250d-3dde-4f8b-b0da-0d0ead2d45e6,expression,91826029-9466-4deb-8955-dc3962b76cd0,work
270f4eb6-8148-4bbd-9910-09475340cffb,expression,ae3526df-b5da-4356-a1b5-8ebaebd402c4,work
27a9720d-4d6b-4656-bf50-2ed39776d38a,expression,d75b5657-6124-4923-bb33-48e6cf14786b,work
287c0864-7afa-4f15-b811-7fe191e9f8a9,expression,fc6db6ef-3d20-41fa-ac5f-9a49131f4f9f,work
297230ee-19ed-4ed6-934c-eabe32d07911,expression,a903a5fd-e0e9-43fb-8f1a-1d6501ac0ce3,work
2d2cdef9-c690-4537-b2a4-f0da15e57d77,expression,124ad183-6564-437a-bc0a-bccff11d93c9,work
2db1659f-9aa2-4315-b4aa-b00a69c4f3f2,expression,e26c5a0a-3fc4-41f0-8fb4-a9caa80c279c,work
2f419e71-0aef-4924-b284-91a61bc4e953,expression,51d2517f-f67b-4594-aa8c-fa1a4181ad13,work
32ed7aac-229c-4b07-b568-f1e8e6f9ee37,expression,342ccf67-9842-4420-b78a-22bd1145b690,work
34884ecf-896b-4817-8dc9-1c4a1ca98c38,expression,155fc466-2e7b-4090-b83b-ccf08fe6f9be,work
35cb8e9d-d251-4c91-bb76-5a4924dc597a,expression,cea654be-bba1-4293-b186-db8c72450212,work
3707b060-c28f-4361-88a0-f2854890bd85,expression,ca07376c-3404-4e23-968b-8460c0a3c786,work
3b3a6019-a83b-434d-926f-135078efde5e,expression,a886b780-395a-4b63-bea0-ddae54730b1f,work
3bf67b0a-e76b-4f36-afbe-89933acb89bd,expression,7cf407c0-d987-4b67-84ed-188703a46c5a,work
3cbf69c3-822e-47e8-bf7f-6f3429cd6abe,expression,48a33567-8019-4e5c-97b5-d9c288d27cae,work
3d6fbc01-b25c-4145-8293-5c4bc68f9ffc,expression,a6ac2fd4-bb19-409a-898c-6c641148957d,work
4068c481-1b0f-4d3d-8c59-cfa4c8dfa124,expression,f1df5339-3fef-461f-aff3-4f9053961904,work
4076d7bd-e965-461e-b213-483f0a14ea6c,expression,e0e16a10-ee39-48dd-b06a-be2bb8a38d57,work
4090de90-1df9-4e92-bfc5-8d22c2f8eaee,expression,07b6c3e2-2d1d-41bc-852d-1ca50c4d20cd,work
41b29c94-25c8-4566-9287-34c3d5fc1809,expression,5af87436-f68e-4e10-9316-38c902edfd25,work
42bcdb3c-5c36-4970-9cc0-851d5bef0baa,expression,16191ef8-100a-417d-9ed3-973c59122d6b,work
454c764e-7531-4d0e-9b40-568860445626,expression,f0ed2741-7c52-4c45-b48a-a9619ddb9d97,work
45df3fee-8071-4e32-8de7-b2dbf0a492f9,expression,a7f56f28-a527-4ec6-89f2-50de1d7a9671,work
46865484-c1d1-42ca-9f42-c73a4c546ad9,expression,c0588062-784b-49a5-ad39-d361f73eef1b,work
46ee55f3-68fa-4a86-a614-a8a0f850c27e,expression,1da5800e-352b-4ba5-bd47-f9c9cc63148d,work
4820e1d1-353f-4baa-a1b6-980eaae469e1,expression,e7e8c2f2-f88c-482e-94eb-1bb716818b52,work
4a9ec86c-8209-4ac2-8322-bfd27db73edd,expression,98978f80-165b-4b94-b129-5528979df801,work
4ea0c284-f575-4e3e-b2a3-84f1b623f0e8,expression,0be723ad-4cb1-4990-941c-c43394e1c598,work
4ef39050-3af2-4a3a-8ea6-61a379d7d0e5,expression,5a48bc01-3a4d-435a-a0ff-779087949ea1,work
4fc5c2d4-ec52-43b5-8721-58047a602802,expression,dcd66376-14dd-4514-a3b6-1a91453f0632,work
50a06a60-3366-46a9-85f1-dd879b7765ed,expression,65ef5529-5add-4245-8864-1ce195c2f528,work
51ec4ece-0d37-4d3b-8334-61b8ecd8eea6,expression,482e017b-1ddf-4452-ab4e-d6d7f570bf6c,work
51f63541-0493-4fcf-8320-2dba1ad3fd0c,expression,36982cbe-69ed-4da3-a95c-38ea595cccee,work
52a0ccb7-3ddd-4731-9c19-9074f388de8e,expression,4315a76f-19e6-42a5-8b71-40dab36397e8,work
52c3b570-ab8a-4989-8eb9-28f2dcffb65e,expression,86f4ab3a-9c76-4a31-9983-0449d47231ec,work
541a0131-f24b-48cf-800a-0fc9616a0622,expression,56e34f54-b774-47cf-8cde-7aa0dec34154,work
577201d1-2df3-4425-be52-8430cd8fd6fe,expression,dee9598a-0101-4157-b4fe-43f76018245f,work
58d212a6-6925-4152-952a-380261985a88,expression,51f57c0e-90d7-4023-99c2-14858d208ab5,work
5d2884c9-42b4-4236-b855-4b8e1c5e4671,expression,d19175cb-ceda-4f42-8d9b-794a327b4eb1,work
5d3cbee4-5cbc-4ce6-98a8-302c6d7833e5,expression,ed1f01d1-fed7-40f5-b30c-8d5cc6009d43,work
5da0e125-c776-47b4-94e3-6d20c62763e3,expression,ed583524-c977-4c55-89c7-3b48e171d409,work
5e7ea9c5-28be-4ccc-ac1f-eeafa8a5d61b,expression,3d662cbe-478a-4f14-b9e2-02bc31cc8028,work
60c5bb24-c721-4dde-aa2d-ff7ea07a6884,expression,1e31ecb5-24ae-4376-8df0-80c426208c83,work
634feb94-394e-4860-a41d-a4e2f489a931,expression,247ad02d-3fdf-4df6-aed4-11cdbf7266dd,work
638b68df-332d-4ded-9408-9602a8299e71,expression,94e5afa7-7a6d-4077-9c86-8e561b35e460,work
666f03ca-448f-446e-9228-e9efd584077a,expression,109599f5-16af-471b-a039-c49cbab0c07c,work
66bf1739-a7f9-449c-9009-481068dcb50b,expression,ecac90e2-7c94-4118-98aa-45fdef0059ae,work
69fc88d5-620e-4d6d-981d-4d24f011f0d0,expression,3140cf76-d567-4685-9536-ce3b406d60a6,work
69fe0017-13d5-48bf-882a-8de1db439dd4,expression,acce691d-a16f-45d3-8c64-99700ac09bd5,work
6b8dac8d-bcad-4af9-b3a4-bbe4b0886d2d,expression,c88ba16c-9e0f-41b6-8b5a-d779bccf2556,work
6f37ad8e-93a0-40d2-b43e-1f7cc9e195b6,expression,a84acb2e-bd06-4db1-9852-9183b162b21e,work
6fa80990-31fd-437a-9a67-aedc27489141,expression,b585df13-baaa-4722-b025-03cd82177abf,work
700dcd07-2ba5-4360-80a0-75339178addf,expression,f933b05e-423b-4da5-bd37-8163df2c8ead,work
70de702f-3bad-492f-b4d2-1d22ff31a09c,expression,27e748ce-a09d-434c-96b3-3f79b7ebd097,work
73f6a5a5-53f2-4067-9c7c-5200ab8efb85,expression,15bd5d03-4860-489d-8fdc-a32a0cf87c27,work
74959199-9271-4353-844f-4819ba4f3f14,expression,42539b3e-2e5d-4c17-9d74-be808171f3ab,work
749ba546-5a3a-4f31-bbbd-3a015adbd36a,expression,ac8ed6dc-a3a3-44e9-bb39-68c4ecc3daef,work
74e37d6f-e45b-4f88-858b-e0f8ffd1937a,expression,62a32d3d-be7a-4605-9b5f-1244c5aae347,work
7a1ce84e-ce37-488e-91fc-a21f24f09248,expression,94c0b694-5de4-4825-964d-792c9736f1f1,work
7a3d4f26-0cde-4a1b-8a2c-f36070e7499d,expression,97336c82-0b2f-4dad-ab67-c9bdf03f1e86,work
7b05a65a-8b90-46a2-bc23-4fd434cfb36d,expression,37bdac23-cd22-46e5-af40-9c62caca5e47,work
7c2c6757-3047-494e-8b13-2acc2ae54060,expression,51701c69-8aae-4904-960e-75851afac183,work
7da5a062-e2cb-4c8a-acd4-2e600340dc83,expression,47db691f-5c4f-4202-92e9-a99c5725f452,work
7e1467c7-83bb-41a5-8bd2-aba07d336fd4,expression,7f9c10c0-3e74-4083-b745-44c372d379bf,work
81141d70-53d0-4864-ba9a-492ba667af87,expression,442f0703-cfb9-4ee8-9e91-ad586ccf8044,work
819654ab-832c-4866-8f4d-450f42c7fbc9,expression,8c95f53d-cbef-406d-be41-55a754ecb4ae,work
8c86c5d3-08d7-4b88-83fb-e74283a6fe3e,expression,058d006b-d811-467c-a60f-60fe2e1afcaf,work
90ecceaa-a3f1-4cdd-8e61-96d76bd1b160,expression,f83c138e-931c-4ced-b8d4-fbff8419d565,work
930a9778-6a1a-4980-bed8-caa3ca055775,expression,de42f9b2-9dd0-45b3-a324-58b74409755a,work
95cb73d5-927f-41c2-9546-9b041de95bf0,expression,c4933e8b-f989-4969-81d6-0bdb482249e4,work
95ce0610-1fac-4fbf-9f51-25fb002fd035,expression,a29d4995-6786-49bd-a025-2bf82ae92a16,work
95cf5ef7-0942-4efc-af5e-b9301d3280d0,expression,784e81ae-f203-4f4d-964e-c7473c6fba09,work
97fe31f3-dcc8-40d3-9f70-508a03abd48a,expression,1803abce-c3ee-47da-b793-6a7f332cc736,work
9925a8e6-ed73-4817-acbb-e844b70df187,expression,4d0f0a36-c84a-4c48-96aa-bfcbdf77de84,work
9ba5fa01-639d-4f65-a8f5-6799c0132f1e,expression,55445944-fa7c-46ea-989f-a8d01db77b49,work
9da40fe2-ab05-45b2-90b1-16d80d252e0b,expression,22461c77-51e9-4021-9bf5-b0b45c95b080,work
a082ce4b-8133-4bb8-8deb-ad8e6a2a7faa,expression,74e879ae-dbe7-474a-99f3-a580f50ef0e7,work
a32b42cd-8d13-4301-bf16-fef767049670,expression,2a3875d0-8aae-4118-81b5-af0d259eb060,work
a3992457-b75c-4237-baf2-c9c249e81e2b,expression,d11c9b01-68fb-41fb-b541-563216cbb29b,work
a437ddab-f9c3-47b5-9acc-e20802c71e41,expression,ccf76f3c-a861-439e-b611-aebc06b17ee0,work
a5e2f0f4-d441-4b7e-ad45-2af468d6bf56,expression,7be10f47-23e2-44a0-bf85-1c7faba573dc,work
a7a8b4fa-c730-4b24-ac39-0ada60ce6b9e,expression,38ce4960-f1ce-45c3-b253-998575c815fc,work
acd98131-e252-4adf-8000-84758282ea95,expression,c71fee99-16fc-4224-97c9-7d2b250fd189,work
ad4838ea-b5b7-4cdd-9bab-cf1f5d51217c,expression,eeb638cd-d326-4d48-8479-66b4c435dc3a,work
b09a2eac-c2b4-48fd-8d10-c2d99f0e1679,expression,af07a3de-6ab7-499f-bd4a-e7eefc93226c,work
b109860f-1a89-4dda-b922-f06701f448f7,expression,37ae4c05-8eef-4556-a96f-3e9cd6f8ba0d,work
b1e9039f-d398-4d88-bf47-4e85591ee3ba,expression,f708096b-d6cd-4255-a7ad-0bf6034e7a42,work
b4c95cf4-9223-4c1a-9978-7428819d628d,expression,4029be82-881c-4645-a2d3-7e5c71ac9638,work
b93c29a6-c7ce-494e-8737-058c20839c9f,expression,20a6025c-0dc3-4876-947b-40dfad07cc6b,work
ba1a8a21-4341-41a2-92ff-6fdb1f4e9360,expression,483218b7-22af-4195-9a8c-422770782ba8,work
bba41063-cd99-485e-b7c8-9061f830a331,expression,0077110e-c3aa-4de5-8ebe-a4a1ed7f6efb,work
bd941aa0-25fe-42f2-b8e5-fca14aece262,expression,f945d277-cf39-4e8b-b22f-a3f16a559153,work
bf2d6519-6dd3-4726-bd7b-78dfdb76e746,expression,9c742563-06de-4b82-bf09-afc2ee040928,work
c965bfd3-c20b-4bda-bcc5-72d644920712,expression,1b03019e-defe-4210-80f7-bd081308608c,work
cbdf54d0-100c-431c-8278-dc1cc1fcc792,expression,43d901c2-7898-4944-938f-23fa3d4a5b33,work
cbf47d3c-7555-44e8-bca2-036018a8b4e6,expression,1f40fc45-a033-4b51-951d-3c0a5340c336,work
cf9aaa08-ae28-465c-85c3-75cc4584f182,expression,065d8013-5ec8-4d5e-a756-6b832f3478a9,work
cfd5e301-ed10-44a6-94a0-3173e60a1bf6,expression,2343165b-9482-435e-ac0a-4ac18ba89974,work
d0e83555-868c-4d03-99dc-8ac323bc2c2f,expression,36d2540c-d04f-427a-ab69-baa9c3b72c2b,work
d21e9509-d5ce-42b7-95b3-25042867d2e1,expression,8247a6ca-45ec-41d8-add2-afede62f7894,work
d21f1469-3e8b-40c9-8d9d-db575649c681,expression,5ae7dd4b-e559-48e5-8144-18a5e19770ff,work
d24c241f-ff54-41d2-b0cc-3f4780c07bcc,expression,1496efc6-ad1f-4857-a99e-053459641895,work
d56a55e0-2f0a-4746-9451-8d76a4e9398e,expression,5bdd206b-c055-4e8d-8715-42e5a96f2cb0,work
d74aea53-c6ae-4a7d-ba68-68d102b13294,expression,84492920-bfda-4eaf-9a88-3f399723b32b,work
d8467d26-1254-49e9-bdfa-6d7688cc4cf5,expression,79902a46-9376-467b-87e2-ba1586e4fcb8,work
dd916f10-1f4f-4477-ab9a-e644aeed88c6,expression,4efe024a-f2bf-41d9-9248-fc7f5d1850c4,work
ddee57d3-5e03-43f3-ac3f-673231e23928,expression,7f1537ae-ecba-4ae1-8ced-3b534885e69e,work
df278766-2f0c-4a94-9017-13774ea22130,expression,7b9c06ec-0b8b-4785-b22e-4c10e66321ea,work
e0319987-d987-44bd-b2a8-ef01507ad6a3,expression,a7f70832-af92-43bf-b2ea-282df139520b,work
e3d822cf-40a7-44f7-94c6-d1db4bec124b,expression,6dfbc0b5-9f31-4277-9ae5-5f0c65714068,work
e5327b04-32e0-4177-903c-a54d56438353,expression,aa70d6a6-d309-4aef-a771-57cdb47b9cf9,work
e60cf078-d569-4c6f-912a-c4eacc848a4b,expression,a7d7ad1a-ac23-40ad-afad-4fa3de15bf02,work
e81fff3a-c7f7-4edc-affb-2130397410b1,expression,8cdce08a-4013-481d-865d-176d9ef77a99,work
ec0e6f7e-9c40-4c7a-b610-fe949fc8753c,expression,2b43a077-de50-4c95-bf61-9732bc5acb0c,work
ef16e337-20ce-49c1-ac66-241ca3124c15,expression,fb8a98d2-f52f-4706-9465-a8f26b290c27,work
f20b0696-86e9-49f4-8ade-fbfafef03e12,expression,d06af5cd-a891-4e50-9a8d-968152147803,work
f477c113-52c8-4372-954b-890326c58ced,expression,db99eb56-2a03-4488-aae0-923b62f28b6c,work
f6f897c5-47d7-4899-8c92-671c438d982b,expression,78d7472e-c251-4621-a6f4-692d08ead39e,work
f935a8b4-b9f3-4a2d-85d1-532284ce9a5c,expression,d06db658-8ad1-4aba-a2e4-275b83d6ab2c,work
f967ac1b-60c5-4fa5-99ca-6aa04ec6d0d3,expression,e075febe-6ae2-486d-8a55-5883c29a7a8d,work
fca1c8b8-03aa-4e09-ad2d-5df26c54baaf,expression,4cf0db4a-ce35-452f-8760-b8fd90ce81bc,work
fe32d648-1895-413e-8115-a45d48c8b9da,expression,5f8275e4-99ef-46d3-b0a7-643642c56032,work
0010d9b0-ec29-4ab0-b25a-9a1a87108dd2,manifestation,d3f89562-2a4c-4ec6-b40d-a39ff113a6e1,instance
0377c12e-91af-43ee-8e04-d2e8f7915be0,manifestation,30d1013c-d00b-4271-b0f0-46bb8da50fb6,instance
06362edc-8f38-449b-a23e-2fffc0374ac8,manifestation,b446c758-5896-48c5-9caf-4369fb78b717,instance
081097d8-27b7-4fb8-a6ca-fb280d818f11,manifestation,1aa7c515-5ab8-4660-b784-50e6e9e2b687,instance
0b5f373d-a838-49d1-9f92-b65522c741a5,manifestation,ef05b446-068c-4707-a50e-338050229281,instance
0bcb899a-60c9-43be-b571-f4f8c496e89b,manifestation,adcb8294-76de-4151-8d99-e95522f7264a,instance
0cd6f58e-faac-4a54-a962-2edb8fed4592,manifestation,4b1b6952-e2cf-44a8-b7a6-15807356b9a6,instance
0d1f4ee2-ed20-497c-a589-916ab694008b,manifestation,59bd0482-686a-4f02-a4da-d6d07e823af1,instance
0de3eaac-0788-4d62-bd45-a9149e30e88a,manifestation,61940321-e0e3-43ac-a672-e6bc72c9acbf,instance
122bb30a-d69d-4056-875a-b0159800f5a9,manifestation,450c5539-158e-4ff3-adf9-1aed433ba6a4,instance
19b551ac-893a-49af-8c1d-23e0bee928d8,manifestation,0922ee19-8781-4d3a-80b5-00ea09939305,instance
1a91cb54-3b13-42b7-8cef-bb8310760a91,manifestation,3b18d97c-7706-4503-8b50-dd3e11aef8fa,instance
1bec6764-c00c-4f92-a227-4ddac14811e8,manifestation,e8ef5c81-9cef-4972-96db-fac06045eb62,instance
1bf3aa2b-60cd-4b36-9d94-8ecb27d1c7e6,manifestation,df73d018-918e-407e-9779-370525e68213,instance
1c3d0fa4-c77e-43b9-bf78-2eb24c3bd516,manifestation,9d9b935e-7541-4905-bcfe-616a1e816960,instance
22b554ca-6b46-4153-aebe-f573d5266de7,manifestation,bec35a76-dc72-4f97-a729-90c01b0542f3,instance
22bd4cca-654d-4df7-8670-c06e6de47ba2,manifestation,8ca5b2b6-dc7d-4d93-b188-4527c4c71a72,instance
22c4bb2a-2de5-4627-bba2-d618605d9d42,manifestation,5e59da3e-3a9b-40d8-9f13-406cb8f68eb5,instance
2364b9e2-5c7b-4bb6-81f1-219a045ad614,manifestation,60087bc4-e4e0-4a19-9247-15e000f2263f,instance
239f95ad-00ff-4c7c-99b3-18acb567d312,manifestation,1c382a8e-4cfc-42e0-acd4-30c5fd0ae1b2,instance
2616e60e-7a10-4141-b516-174173a1bde4,manifestation,2abf51b8-39b7-4569-b4d8-7390d802bc10,instance
28838fda-3a72-4237-9c6d-ae11188b241e,manifestation,5db2aca0-9caf-4332-9cd0-16d7876fd05e,instance
28c01f9f-2502-4488-a144-71a31f21d0d4,manifestation,2ff63e0d-5e68-47ae-bfd3-282c85fb9427,instance
28d3b581-08e7-466b-870c-a0e7e8e2ad20,manifestation,5d611431-6b35-4dbc-95db-db43811536aa,instance
28d8851a-0d94-48f5-a7ca-b7584376d16f,manifestation,ac5433c5-c9ab-4f21-bf08-a13d05cb248a,instance
2b271fd8-9e0c-4aee-9c46-89f2fc274609,manifestation,7d89d8ef-16ba-40e0-afa5-6881decdfaf0,instance
2c19725a-49ae-45bf-b776-95ce1dbda6b3,manifestation,9e1df131-727b-4000-bbf2-78c99ec07c60,instance
2c54c399-b393-4c4c-a79c-9f2ac5a31b0b,manifestation,871343e2-603e-4555-ae1b-14f47213965b,instance
2c6c1dea-9a2c-4577-8895-230264ea9028,manifestation,a82eeb6d-5d14-48bb-9796-f1c7ff485c03,instance
30d6a876-bb4e-44a6-b91c-7c2aa2fb43bc,manifestation,0f4ce7b1-0168-49f6-83dd-773148ffcdc5,instance
326cdf4f-38dc-450c-8fb4-2156ce6a6b20,manifestation,d466cb0a-94de-44cf-8b56-31b54703c16c,instance
327694af-5194-468e-a68f-debab7cfc91b,manifestation,9a83a32c-d1db-44ad-92b6-90fedc1cd930,instance
327a2ec3-dce7-4b15-b00f-facd907a0751,manifestation,3b7ab8d8-4d9f-43db-bd72-ca3ec0a41fa8,instance
35dfd27d-237e-4ab2-af3a-91d96f3bd9a4,manifestation,792f0775-9d11-4e87-be52-69b690f2bfae,instance
37d584c2-5bc1-422b-bbbd-e1226c8e139e,manifestation,8e63904d-650f-454d-a971-e8495597db83,instance
3921a728-e4d6-4d88-9dfd-cf17b1768ebd,manifestation,d96d103e-04d7-4c7b-930e-ad8ffcf2a45c,instance
3a60f2a8-47e4-48d0-9722-3c5582b72a41,manifestation,eb8074ee-1f18-4a0d-a051-37aef985a8bd,instance
3ae462fd-27e3-4b13-8127-0c0bdb016fc4,manifestation,8609006e-8eb7-45c2-97e6-4d0996d353a8,instance
3bd557b7-1207-4617-985d-ac84e8a62634,manifestation,6909bb76-14a5-4386-bc9e-15f8ca3f088d,instance
3e8e8d5b-d6aa-4050-9470-8dc0f286fa94,manifestation,615b6d1b-11dc-434f-8ff7-7654d876ef99,instance
3f37d02f-464a-4d85-8604-ea6a6e8534ad,manifestation,8523b114-b20c-419c-857d-542ae44ba57e,instance
3f90ecf0-f15b-4426-8d85-23c3d2ce341c,manifestation,a14f71f9-1c7d-4c70-bea7-ffca899ff458,instance
40145a5f-2c0a-4a6a-924c-af9efd105615,manifestation,23d23673-b56d-4562-a891-e1041bb1d25a,instance
438f1195-99fc-4c5f-aa8a-9a813131924e,manifestation,55d21577-71fa-4424-b28c-bb1c92d1a0b4,instance
467afd22-6682-45b9-8ba7-a0e87b0c09e7,manifestation,8827c16f-d36e-4a1f-a220-f455f84d27dc,instance
4806ea2e-ac6f-4177-8162-20e922436a11,manifestation,19baeeb1-6f68-429f-a7bb-4766582bdc31,instance
4aa945a6-3fde-44e8-a2b4-bd7eeb7c5266,manifestation,7a0da166-fb1b-46ec-b02d-a1aacd644da8,instance
5082630b-c92d-492b-9e5a-5419d26d6dca,manifestation,e4d347b1-08b4-42fa-98df-6952bf5a4728,instance
512a903e-0856-44d2-83d1-ee0512df8e90,manifestation,ae572fb6-ecae-4bb3-ad73-05c833f4d820,instance
539ec249-083f-431c-a093-bad2aab21886,manifestation,281a094a-df8f-4c03-a43f-1a46b46ad8c6,instance
53b37d1f-2aba-4564-846c-2403a77a9e3d,manifestation,22c6cfb4-bcda-4442-bc8e-2467c128cc84,instance
53cfeb78-aa5c-4256-a463-358ca04520e6,manifestation,c00a25ec-03a1-40e9-8afb-5d0b022369d9,instance
5742a9a1-07e0-4e1e-8a25-b2c3ee6be438,manifestation,c2ad37ba-6796-4cf2-924a-1b349f732635,instance
5a6b2877-a6a8-4529-a9dc-827b0e5c4123,manifestation,a52e6f40-0744-4f06-b7d5-992208ace7d4,instance
5c35ef9b-be8e-4ef4-aa74-61759291e0f4,manifestation,d15bbe74-b44f-45c9-8141-a1d29a96bc99,instance
5c7a09ac-9803-41b5-88e2-68d55160749d,manifestation,48ce9915-ff98-4d17-a8bf-54e0c6b2dbc5,instance
5d8bee3b-f614-4fd7-adcf-86e78ad94fd6,manifestation,331308d4-b09e-4468-943c-c719ec993a1b,instance
635cfe10-0edc-456d-b9c6-ddf81d5937f1,manifestation,15d2af17-0ffb-473a-accf-79ac989aa01f,instance
64cb5d64-0992-4086-9c10-364ef750186f,manifestation,04ddaaaf-dc39-4d21-8022-8a24ed961516,instance
6972f13d-f067-4d11-ac12-de219adf91cd,manifestation,36c92ce8-c324-4517-bd4d-6044fa3f0465,instance
6d434754-fcb3-4cfc-9a80-78d1a5ab9691,manifestation,6fffffce-a96f-440c-b172-d2f4cc31ca4f,instance
6ffa79a8-94a8-4d01-b5c2-b7e7ef6f0b74,manifestation,7f7738af-4560-4403-abdd-dded107b1b0e,instance
702c94e2-54c7-4f6b-b88a-6653830f8de7,manifestation,672daee8-5959-49b4-b611-e716220c7a8c,instance
71b34bef-f4d6-4ce9-a541-579a2f6186da,manifestation,2a0e731b-89e4-4d32-b7ff-780072c2dfb8,instance
71f38d30-b08c-421d-ba9d-28fb9d851792,manifestation,a316602e-13aa-47f8-a7b2-92949a3ae6d2,instance
76281430-72ea-4f5b-b064-306dbf0e1ed7,manifestation,c92271bc-ee21-4590-81fa-e64cdd17d8e8,instance
799422b6-1e5a-4cd2-8587-19ce9e695dad,manifestation,45ce90ce-cab4-439f-897d-a1c6ab587ecf,instance
7a40589e-0828-4eb0-90fb-a7e1a828fa74,manifestation,47dcdd13-e4cd-464c-a77a-d2224eb48357,instance
7bb2a32d-0232-440c-b008-0405e1cdc5d5,manifestation,3a58893d-f512-4d4e-aeb8-de60bde050df,instance
7e1669cb-5498-403e-8bb8-994f191c4d22,manifestation,23a81c64-5aea-4d24-ac87-aa9c046d7847,instance
83337200-3e1f-4a11-8177-de83111d67bc,manifestation,defb5b08-0112-492a-8929-fde44f6c91c1,instance
83a2f43b-8840-4e21-8f7e-dcc16a35e027,manifestation,d94e1f2b-4377-476f-9164-69bc5164677d,instance
852212bb-9ddb-45c5-a752-db1818f9790c,manifestation,b78519e0-27b3-481c-b936-0da69875be68,instance
8846a80b-5fa3-4dfe-8032-1b5dcf42e2e5,manifestation,605f9f46-25a8-45f9-91f6-d7da706c5978,instance
8a12ccb8-8f45-4f64-97ec-bb690f8b84aa,manifestation,686ce014-6804-410c-9296-6cedce624305,instance
8cc345de-2152-4864-aa32-4b13667b1377,manifestation,cb9b54d8-a819-4618-9cd1-b099dce89fb6,instance
8e41795c-591d-43fc-ab0a-26aee67c7c5e,manifestation,5a838709-aa08-4a99-bafa-9ca920cff295,instance
8ee9850a-5eb1-41b7-8065-815b424d2670,manifestation,7237fefa-ea32-4657-95c8-ccca2c0b3406,instance
8fa54c8f-8b85-4a7a-8105-12ef37c422b1,manifestation,bb57a029-f7ba-4592-879f-198534cbbcbf,instance
90c6a594-81de-4a13-b962-9ded257622e2,manifestation,1d1baa82-2d9f-4355-97e0-826f798fa361,instance
9320b5fb-a7ba-465d-811b-5130549f9814,manifestation,6e3be62b-12af-4e2a-a065-bad0cda6d666,instance
97598bac-2d60-4ae4-bf33-0ce5e58f3c6f,manifestation,0ae1cc2f-e5d2-4c2c-b277-d041b03cfb72,instance
97f93137-d706-4c9e-9a3c-d6759df9e7ea,manifestation,112c8cbe-1458-4e89-a0ff-1120106e40cd,instance
9849909f-60f8-4b89-81a3-a9c1d686c23e,manifestation,80877366-b10b-4f67-98a0-75f595942f9b,instance
9944ee32-1cb4-4255-8f9b-1f05482f469c,manifestation,cf7010ca-52c7-4709-aac4-08a8a312882b,instance
9d4fa093-828f-4a9f-9b4e-e44f4673cd6a,manifestation,6dd4965d-fc4c-42a8-8be0-5fcdc6f3b185,instance
a42814da-e980-4324-ba0a-0f4299f439af,manifestation,6dc06f67-0016-425e-a650-1b9a2bf25a86,instance
a5ff0c69-2eed-4e41-9c46-70aa4973804e,manifestation,b33d7dea-1941-4742-928a-ca692ba44fb8,instance
a72da7e0-9f9d-402b-b1f0-d1acd14a18c7,manifestation,c1fab9d4-f16b-4a2b-a726-f7366baf7ffa,instance
a832adb8-e349-49f9-a19b-f5aabac4b58c,manifestation,ad3d432a-0787-4820-b9e1-10ce7e6362d6,instance
a87caa3e-c7da-4654-8cd5-ebad405e398a,manifestation,6e74ddc8-f295-4605-922b-01d90d92eebd,instance
ae37b855-a29b-4f8b-ab5c-09934acedf63,manifestation,c16331a9-7057-4f1f-82bd-4c47df56d94f,instance
aec92f4e-44c0-4e07-8ad7-759d381ca982,manifestation,5fa89d17-d5f5-45af-a528-ac7aaf151f3d,instance
aef56d04-8375-4c4f-a9b5-df3fe42b9220,manifestation,9df1e4cb-d391-4d02-9794-5dfeba32312b,instance
afd25017-3d8d-46a5-a453-6ba8306a55ef,manifestation,4ac3411b-04d6-492e-93e9-f7599fd483cd,instance
b039b29b-ff84-4429-a540-ccb5d89d7cc8,manifestation,1946dd11-5ca0-4d6c-a4e5-1b5f6222208e,instance
b117b54d-ba45-4cc1-98ec-2654e93b657a,manifestation,51c7aab0-98b6-4a78-817b-5ea435d6330c,instance
b3e395e1-96a9-47cf-87dd-2be74335bfc8,manifestation,700c135f-4a1f-4500-92e6-e37c24147696,instance
b3e713ec-cc30-4e7c-9ad4-d025cbbc6680,manifestation,5399c501-58cc-4020-9c6a-10c66c66d1c1,instance
b5606a57-bf98-46ed-939a-10bed40340bf,manifestation,fd3235b4-d251-48e9-8d90-e7eef37dcb74,instance
bc6ded31-f446-4ac7-b173-20b24e4a00fe,manifestation,20109b98-32c7-429d-86df-0dff04912585,instance
bf12d559-1b55-4ff9-907d-5d64b42e020d,manifestation,e31ed83b-526f-4773-ac49-fd43be2f8c2f,instance
c0a15cd9-521a-44fe-8e75-a9783a7c31a5,manifestation,83a6d720-0fab-464f-981d-08ed7401a353,instance
c133296d-f709-454b-87bf-476ead50d819,manifestation,95620b10-c78c-4e02-bb85-8836ff7468ff,instance
c18367aa-c65a-4fe1-80ee-cd8b712f0961,manifestation,9794a8f8-75cf-4b13-b883-f37ce9c36980,instance
c546397d-c96b-486a-b1cc-45aeaee24d78,manifestation,3cd13124-9910-44d1-aa47-b40513b21f3d,instance
c7642ae9-1557-4e50-a24f-ef69b8badbf6,manifestation,c7306eb3-b873-49c4-8602-12f88716d2d7,instance
c7718302-7c8d-424d-bc61-4cb134ce4e5e,manifestation,e332bbd3-3b05-44ac-9bcf-09e383358d06,instance
c85b46a5-8af1-420b-a393-99ebb60f3d72,manifestation,3d181d99-633f-4db9-8d05-72fd68e8837b,instance
c95c8347-2cda-4ea7-a405-2ba187351d0a,manifestation,29ab775c-0e1d-4756-a146-6d929b11222b,instance
d04328c3-db6a-4196-ab5b-22fe95309bf4,manifestation,e0ce66b9-672b-402a-a45d-6b5a246b2c02,instance
d1e428e1-0463-49e2-8bd5-299c8ad8269c,manifestation,5cbdb219-c8c2-42ed-ad97-7ebaecdabc3a,instance
d3e2e595-7bf8-4aa7-a558-c9ef11be8841,manifestation,4317087c-66ea-4a40-8504-cf916e08e07d,instance
d4dd25db-1ec6-4931-9ea6-2f14be55f777,manifestation,d01cfbda-a678-4310-ba2f-bd044058b338,instance
d63e7bde-70d1-4ee4-aac9-98640a91ac26,manifestation,f23ec465-b5bb-46e8-a774-3c21d16b8258,instance
d663c291-6397-4cce-aa4c-6d5b2bd7ebec,manifestation,bb00e64f-f623-4b3d-9947-6cb9c19b6bcc,instance
d6f8998a-594e-473f-8fbe-82211b02f1f1,manifestation,d4f2506c-9a50-4c7b-aa20-e86814db185c,instance
d7a26fa5-bcee-4a05-a5e5-966a6d2c7ce2,manifestation,eaf6ffcd-e84a-4c3a-8cd3-80074eb0190d,instance
d81ded4c-4502-4ba8-abc3-d0b9586d5169,manifestation,3434f079-f09a-48f3-9760-124ed281ac10,instance
db307413-697e-4e64-b972-ace8b150ed74,manifestation,4b2a1ada-9e17-412f-8880-1472b930183d,instance
de21bb62-ae6f-4ee5-a0c6-2465e5a2b491,manifestation,8ba11635-1d8d-47fd-aa51-060e35b4ce5e,instance
e0bfc79a-6acd-46fd-a281-47e7a8bbeb91,manifestation,27f199f4-a95d-4a71-8116-9e35a01cdf89,instance
e5291657-c073-4cc8-a640-76da110185dd,manifestation,4c516001-a617-4069-892a-2ecda8103d88,instance
e5d344ba-83d2-443c-92e3-7ca7546674f3,manifestation,9ff5bbf4-1853-4164-85f4-8f5b0580e227,instance
e8681ce8-c125-4640-9583-2404b7603e41,manifestation,83514c33-0c8f-4013-bed3-d53494d902d2,instance
eb32812d-aaec-4f91-b9a8-0cc158cbbf50,manifestation,0c12486a-645a-4157-b29f-448e5148ed17,instance
f0757925-8753-427f-bf6a-5f695a04c999,manifestation,5d3bb1c8-8b8b-4cd0-a16d-a57e15ea495f,instance
f0ff32b0-9818-4f67-886f-894004325962,manifestation,a561f114-94e5-4d5c-b23d-b4ca64fa1602,instance
f24bfdbd-32d7-4e79-9199-3e4354df42a7,manifestation,5043e6ad-e4cb-4676-9740-59f7e4a249ee,instance
f3a3eba6-545b-4089-a150-df34c6c2b5b5,manifestation,2a98d4be-1965-471d-933c-1c664e4fda37,instance
f44955d7-60e3-45a2-8191-af416bfb61e0,manifestation,7c329361-2d66-4710-ae15-a486f0a8f563,instance
f6461300-2e7b-427e-a926-7b58b2d31fe9,manifestation,9af86dff-16bd-4e8d-b16d-9f7a8969b4cd,instance
f82fcc75-6160-435b-9ca1-03302716319c,manifestation,fdac8e37-04e3-40f2-b8be-f231044847a1,instance
f9e58e6a-db2a-479d-b909-94e59d26649c,manifestation,dbbb19eb-f4b5-4761-ad1a-ab8aac1b32ee,instance
fa61de0d-63e9-42f3-a99a-79ba3ab95b43,manifestation,dd27a82a-243a-4623-9604-f191fcdc342c,instance
fabade19-3fe6-4fb4-be3f-7a1c169f7458,manifestation,894eb9c8-6668-4fe7-9355-a8436ce1d2d4,instance
fb0f8c8f-7b41-4049-b859-b2abfec66d1a,manifestation,816f99a8-3887-48af-82a9-19f8fec66a0a,instance
fbb77272-6393-44bb-9934-e672ca51c4f2,manifestation,c599a2f3-5124-4357-91da-b2482a7750b7,instance
fd679aab-4ae2-450c-9fb7-08e2acab2c8d,manifestation,245bba6b-4061-4714-9440-db82a56ce618,instance
fdc17c27-063f-4fd2-ad34-b4ecea9279ad,manifestation,94c7f7f9-ce88-4477-9868-eb52ea11ee4a,instance
fe62d997-66df-4c28-b874-9aa862b1555d,manifestation,d304f3ba-5051-45fa-a676-82e5d4898c0f,instance
01246523-73e6-4c3a-9eb0-1f8aa338dd7d,item,c770e2df-73e5-4036-af33-ffae34011934,item
015baba0-b384-42aa-a07b-02294d9ba14e,item,a49f9b28-f263-4856-80d8-b6d7bfdae512,item
02175de7-4e6b-4802-8a02-57a0a870f76c,item,5eb3c9e3-ce90-493c-b0c1-40704fee57bc,item
059c3dd4-409b-4d29-8bc7-2ae0505da5ff,item,11dd6dda-e5e6-4c69-9efd-7134a7247243,item
05ecd0f7-2baa-4782-b0d7-f45e3a5e652a,item,7498ee5a-99da-4006-b158-7572f14474ba,item
0698adb9-ce89-4681-98ca-38169dabc023,item,89d04c78-0be6-4404-96b3-442495d8961b,item
06c860ba-5649-4fd1-8000-9f9bb2de4aec,item,9f73c748-a418-4fdb-ae48-63cae3169f48,item
086fe612-1591-4a25-97bf-d4e4c9d3b295,item,372f226b-7bd9-4b9f-84a1-c1944024cdf8,item
091396a4-59fc-473c-866f-d23ce444ff30,item,ea84552e-77e9-4c4b-aca8-54c679b1ab16,item
0a5c9f6b-f920-4905-ab1c-25c2f2d73b70,item,7352dfa5-249d-467f-a94e-aefb7b3f20c6,item
11519e1e-11ca-48f6-aabd-33e5db1de6f3,item,ef28833b-4111-4d7b-9625-2dfb5e7853e0,item
1238bfbc-3ae3-45c2-947c-4fba316e3890,item,6ada090a-61d6-4fa3-89c5-8c84d071fe74,item
1631ced3-d27e-464f-8f4a-5b10de52106a,item,3587f677-35ff-4857-9a93-fd2fe4a609a1,item
18508f13-1493-4de0-ac1c-3a1f7a0c2eed,item,e08b742b-db04-4839-8250-6db15ed1956f,item
1c048ba2-6ad5-464b-80da-5ff34238033c,item,cbcd8585-b3bd-4d52-a903-8bf343f68b4d,item
1c611ed4-bfd1-4c57-b1c5-114a4bfc1425,item,c698756f-e3d8-4fd8-acb1-73b158049174,item
2494050f-4c0a-4357-a601-2d590a216a24,item,54360be6-3f85-4ad7-b3d9-84e3b2557e9c,item
252d3648-29bc-4451-8d44-5dc9d1d2468f,item,6c810138-0da5-41d3-b99a-ed33b145b6e2,item
261c0d2e-0240-4085-8106-2b60099a511d,item,15395a22-e89f-4a7d-96f1-3f79418cf0e0,item
2743e55d-86b1-4226-a59c-cef6f4dbc7f5,item,f23be7d4-9c4f-4cf4-9e4d-5bdb52130cee,item
27c01316-2a6a-47a3-b5b9-f789ef7ae416,item,4b40706c-82d9-4857-a9d6-87ee51bf6d6a,item
2802d515-fa26-47b7-940a-9a43c1b857c1,item,94dc14a7-520f-44c2-a14b-a0a1faff2a32,item
29b0f863-57ab-4694-8a7c-8588c7029465,item,3c5efa3a-7fe8-4c48-9a1f-9ed8db067413,item
2f054ab2-7d58-4247-a3ad-3977d8dce2c1,item,9beff3d9-0368-4108-932c-6b7850b5fc4a,item
31359f02-9766-419c-afc4-2e42d86d7935,item,58f921ce-4194-4ad8-9130-76f9c5292cec,item
32851ffe-fc92-4148-81ab-7ebe31d8cfd4,item,caf08d46-9543-456a-ac30-720cf4141c02,item
32d5089a-3642-4996-a9da-5ab5bcabf5ef,item,4cfaa2a7-c3ed-44a8-978d-5bf0cec9db44,item
33ffa488-a769-4430-8b54-489c0c4d2b7e,item,3d70f790-4a7b-46e6-ae37-b6bc9d018da4,item
36d71b66-abec-46ef-8c75-db38e34aaf15,item,51a2b80b-94fc-41c9-b829-d6894db547fb,item
3aee1fa8-6c01-4fec-ae51-bf0f18159c53,item,980c1af2-21b8-4a5a-bae6-f8451d79d29f,item
3d112f8b-3537-482f-a222-010d02db9dd7,item,50d460c7-6100-47cc-af31-a5668b5e0ee8,item
42490976-82d0-4b8e-82bc-f9eaa79aacad,item,ddc5b424-37ba-4ad5-bb7b-e4900d576d9c,item
43ed4760-9bc8-4783-991c-9eba675fbc32,item,a994603f-4129-46c0-b459-4c5145ff926c,item
471a5a4e-7f75-4d12-b645-6d683f77c8fa,item,820dd8e9-e699-48ad-9f72-be7032fd18e1,item
4c559834-5945-4694-a079-86872f5b36a6,item,8681190f-0e86-4d05-8e3f-65d3be3e5359,item
4d803fcd-828d-4b05-88f0-0fa3cc53be6f,item,4eb24ad7-216d-4dc0-b3b7-ce642580e2b8,item
557b7317-0291-4bf4-84df-6d082d5fd1c0,item,40786d08-3da3-4533-a4c5-82909afdebf8,item
57a987f4-56ee-4ef7-b241-2182ca002f05,item,ebae7f1d-0ded-4343-828f-fc8ed7772225,item
59d81326-5a37-474c-8ca2-dae286b488fc,item,4d5bd50f-83eb-48f3-8369-6ead9a0074b9,item
5b94365f-395b-4560-ae69-ef7186c7b2cd,item,3d1fcc7c-1960-4c19-a740-8ea38c8e4853,item
5da1e767-18fd-491f-af65-d4b50fe7fe53,item,c625a652-e4d6-4bde-8019-57efbd0a1cda,item
5e55d3b3-25ab-4522-bf33-54f41a51c8a2,item,b1d90368-227c-4f49-85f7-5e85f249af40,item
629e0ee4-dc71-47d0-8b41-b06e449d5aa5,item,3764f5e4-4b2e-468d-986e-55ebc2e456cb,item
64ee2559-c08f-4595-80fb-f77c2edf60eb,item,917194d7-054e-4922-8613-6dba1f5d55fb,item
665af0f6-abdd-4a92-9add-045cc806c28a,item,d0ec6aed-4823-47ad-bbdd-25c555ce8598,item
66db30e6-bc86-4af9-9d63-e5d1c9cb3dc1,item,c2c2788d-6b48-44db-9791-70abbe20d67e,item
686a3e04-2ba0-4429-8e61-d6c97f46025d,item,120a70e6-d147-480f-a64e-ecffad82e0af,item
69be6d3a-45db-49c8-9232-1c90aa776c0c,item,175ff13a-5412-41f6-a488-c3d587ed3e8d,item
6a297eb6-b29d-4771-8750-8f4486d6b9dd,item,98828187-134f-48e5-a293-c983b2d3f0da,item
6dad68d7-16ee-4e7c-b50d-671403b30c01,item,74b8068c-0bd5-4f9c-be25-e6260aee35b9,item
72bd33dc-32f4-4c8c-9e2e-0dc26d4d0661,item,8ae424d6-65ec-45c3-b7a4-76a23d80320b,item
7aaf7c07-89c7-44a0-b16e-8ee21c3276a2,item,05923725-d82c-429c-bb17-cd6c5584bc62,item
843769d1-4861-42ef-8370-db32eebab131,item,90b85b73-6acf-4704-8bb9-81a98071c3e4,item
886d09cd-00cd-4a63-9eed-160a568aaa06,item,2d73b1f1-5b8b-433f-9353-8495b6c79b6a,item
89ed3655-bef0-42b0-a9ed-bc52c07aa0ec,item,3cde27aa-c8f0-493d-92f2-df8ea7a9fa85,item
9678e0d1-64fd-456a-bdbf-2e197b58a15f,item,4cc01896-80c0-48e9-b9d4-b7ada99e775c,item
9808fa1c-1297-48a4-b0dc-b339b1a9dcbb,item,59cff874-b9bc-45d7-a0ad-280330dc0a18,item
9927bb36-f176-48f4-b96c-121ae63099fe,item,a2917598-1d95-4a2f-a07a-1caf3706c8ea,item
99d6629d-e395-4e5f-b9c5-b29b02b7c7fa,item,d848bc57-d63f-446d-940f-6308f30d89f6,item
9cb7d52f-e8ad-42d0-a481-12a0ebe20c6b,item,c7b44de8-56e3-4201-b29a-9a142ba18fbf,item
9ecc0ead-87a9-453f-bd5f-25287991a94a,item,bccc6adc-115f-4045-b1f5-388a7cc96dd9,item
a143aa19-f5ec-4084-b33f-40ac515ac2cf,item,f25cdf2c-2a31-4183-bc7d-53de12b10cdb,item
a40940e4-7a02-4f19-9129-99be2f03168d,item,990e9a96-1c0a-4e51-a146-2c49059fe707,item
a5714cfd-c32d-4e9a-a03b-e6123450c332,item,61438a75-6cac-470b-838b-1a1a41e1b554,item
a6f7c345-2b4a-4a12-adf8-99ecc700355c,item,a44b3218-3d16-430d-a45e-6c49dbdb4fea,item
a7e979ae-3307-4ca6-ad2d-2730e5ba52ed,item,37dc6bac-5acd-42a7-84ac-fd8c1358b136,item
a9ea08ed-39f9-4781-8dcf-778e00e2065a,item,f31d0dfc-3a3c-4790-bb96-1fc49c682b3b,item
abbde380-c64d-4f2f-b204-92e22ac401e4,item,ef0ef735-2461-486c-853c-68ecdf80e2a4,item
ae202089-b032-470d-83f1-49bed050da6f,item,6c43f1d2-c9e0-43fd-97aa-62417e12f569,item
b0527c0a-d03d-4515-be85-fa1ffad8891b,item,ca49b99e-f0b3-49f4-8b4c-632a2366fe19,item
b0b8d2df-b52e-4259-bc8f-a2e49e55c16f,item,47e14659-b720-4f37-9310-f21f9ff77fa7,item
b22e4e53-f744-461e-8bef-b9a9a402830d,item,ce228154-d599-40c4-b34f-aa1ce3222d59,item
b30d27da-5bc5-4fa3-9712-4777e0b58bad,item,8f25f5ca-4500-4243-a137-81d1c8135a7c,item
b32c0797-4adf-4849-8086-e74f324f1871,item,d584ed18-02e3-4eb4-a43f-4136a1342e96,item
b54ee4f7-c24a-428a-8828-f955c66bd072,item,36327220-3400-4bdb-b9ba-54c6887a7ce5,item
b559513d-45b4-407e-866d-50db6e44c7e2,item,9cfb8f08-7d5d-41be-9e88-62c878cfb9b7,item
b8da121b-afbc-424f-a4e4-a644bcbe848c,item,e756cc97-d8f4-4501-baa0-4afa81111923,item
ba0177fc-f95c-4b9a-b7cd-d2d3c6635c05,item,a0ab59cb-2ba1-4f51-a99c-41e59ac28c51,item
bbd9f9f1-c3b6-4d91-b9f3-b3298f302aa3,item,88acb26d-4581-4a4d-80c0-a4fc93551271,item
bc93a16f-a8ae-4856-9c2f-62c5b2591f55,item,c480bdd8-5af5-4cc2-a012-65b9faf5eddb,item
bccffc16-e87e-4e34-9934-bbbc6aad4b74,item,075fca1a-8dea-4a50-8c27-3101db30ae97,item
bd3d059e-2528-46c9-97dc-2cfe37043483,item,af75d041-193b-425f-92de-8f92a7be10a1,item
bda958c2-c723-4036-af8b-865c7e0f99e4,item,35ec2a0a-1de9-4396-9def-8e3162bb3c28,item
bdbd9de4-e201-4f5c-9113-ce5eb6a30500,item,5d9c4f19-022c-4295-b7a4-2bb4e2f5633a,item
bf657975-3e09-4990-9c51-f806beea810d,item,dea68d04-a47d-4fbb-a890-f5f03a5220e8,item
c0907944-25e4-4b70-81be-b11208f17897,item,3fd7571c-0af8-4bc2-8f99-5733cf431abf,item
c3680cbb-0560-4ea3-9361-0f7b963a901b,item,a51346bd-60b1-4eff-9289-45d25e0a8b9f,item
cdc48aee-b6fb-43e0-ad3e-e7007555dc09,item,b83f529f-9598-41b4-9c26-65c99e4db700,item
cf1fa94a-8daa-4c84-a3ec-380310944c51,item,9d030eab-9dfe-4b7e-bc20-24173e4da08d,item
cfa7b392-60c8-4034-9150-7af8f825292f,item,d77776d0-6b9b-487b-af81-4a5421240e9e,item
cff40043-8498-46eb-8a24-490c33e7de1a,item,9465981d-9990-4d74-96a6-18866e9f1233,item
d00407d3-ab18-449b-8288-27cbb9f85ce0,item,97c15543-3922-4c80-828f-42f9cfb7694c,item
d39d7225-64cc-4adf-a160-51d8be486dfa,item,9cb6e482-721c-4af5-bcdb-13b8ecd7618e,item
d3ff1818-ffde-4ad2-b333-eec9f67cb74c,item,f3208824-cf8c-41f6-8bb9-132cd80b0921,item
d7eaa618-0fa7-4c5a-bb60-f4cc37aeb2f4,item,9a017b43-d4bf-4b6c-a44d-32f43632bc7b,item
d96aed2a-fada-4ca8-812f-75cb9e03f308,item,faaa43ef-ba2a-4006-9f6c-4c847ddf4d89,item
da195ed1-14fd-44a4-8a3d-bc58fabcb9d8,item,3786f5d0-ab69-4a4e-b5b9-925f36c3cdfc,item
dac4352b-7198-4e40-a2e4-69da53ddc839,item,52f29391-a547-447e-b26d-05b2550833bd,item
dca2d766-0200-474f-8df4-dcd6309d94c3,item,bb7c906e-239a-4d29-bc7a-38f202129a68,item
df0a069e-f03d-44e6-abf5-ec9fb1f4a0d1,item,1c0f9b84-cf90-4ea2-8451-4d25b3d28733,item
e39ee2b0-063c-4d7b-87d5-a90ae4124e1d,item,df5f449c-648d-492a-8eb5-14914b5f3930,item
e6a03d03-c5a9-4778-a804-78d9d71f7473,item,043d4c2a-15cd-4bea-b8e3-b64887190ff2,item
e6e2204b-df84-4359-9d20-2c99e052bfd9,item,7c8eecd4-c533-4884-aa22-93a81988680c,item
e8358515-4aa7-414b-8fc5-b25a0212399b,item,844a6bc7-543f-4d1b-abcc-7307e2cdbd3f,item
ea697eb6-2c07-460d-82e6-9f8de4f10755,item,a31dce9a-c0bf-43ed-a26c-972b70e376b7,item
eaf9e739-a27b-49ac-b7b4-11b5e5859466,item,ece0e9f7-50e7-4656-929e-8e34002ab46e,item
ed7c84be-fcce-4553-9b31-00f869919f3b,item,03ba3a32-fb3f-4703-9384-555f1b96e449,item
edf07a84-0246-4db9-aa6f-5581dd127e37,item,66d9e450-c4a6-4ffa-959f-33d5b085d4d6,item
eef37748-267d-462a-9e21-e6b0a30e4678,item,99c09315-d3fb-46b9-b904-91bd9dfe4957,item
f0b775f0-639b-4015-906e-34d87fa0456a,item,fc6d7da2-b54f-4c53-a516-f60c2dab821e,item
f5b385db-a01e-480d-9d1a-34f9251d1f7c,item,7af7ccf8-8771-4f0a-9299-90ee46a1d32f,item
f62bb011-05c7-4e2b-98f4-b4f27cda26a2,item,10cacb59-f3d6-43cf-8458-acc649cc03ac,item
f76e279c-5a4c-443a-8b9e-b5644f852412,item,1ea58c75-c6ea-48c9-b411-2a8b96ba8c44,item
f8de7190-62fd-4d3c-9f12-9054646bfce9,item,b8917b25-2c81-424d-a16b-209527bb8581,item
f94467c3-f68d-4be3-9d61-1bfcc5b6561e,item,a5991a55-b880-4b07-aacd-cd47df4e5db1,item
f94e3e92-555b-4100-961f-b78db89ab09e,item,fd3628ba-08fa-4465-bb68-31c4c355b8c1,item
fd6ff919-95e3-4d84-a932-df46c57ea167,item,ab8ae59d-9b09-40d1-b7b8-92cc99a3d630,item
